INSERT IGNORE INTO FullName
(first_name, middle_name, last_name)
VALUES
('Vasili', 'Ivanovich', 'Druchko'),
('Stas', 'Vladimirovich', 'Kononovich'),
('fheu', 'kENv', 'lXxTidPyNKMc'),
('JPcESpHxMLlF', 'Tdu', 'Iayu'),
('XukxcRTJWus', 'oSCDz', 'bLZpdM'),
('Zdwe', 'YSdjJvLHUrYT', 'Xh'),
('OaW', 'ylgQMYFtu', 'gyiCUf'),
('AZL', 'OuUBzWafMfI', 'ihgMlzvbI'),
('wDJFgFMxPYkT', 'GMUbm', 'DaRxJXsB'),
('gRLLPT', 'Kc', 'kZa'),
('fBaKer', 'KKCWkdjmBsZZ', 'eiGhZieKXfPf'),
('NHGc', 'Tv', 'uTYpjojiFPS'),
('lPmvIxqGK', 'CRTjnTiAy', 'pjdCvjjGyI'),
('XSMeOh', 'nAWpizUktU', 'aOtGdkSAfU'),
('FjpyREvE', 'hABJSc', 'gcdHRYeOkE'),
('ypQjrswPRL', 'nrcir', 'wZnNhBTaunU'),
('odD', 'vETVjrClrbHS', 'KyjyGueN'),
('QeyKHgRe', 'babLIblem', 'VRBGaCT'),
('BOFb', 'pw', 'QfXxYSbZbD'),
('jThlqSfU', 'Gju', 'DmaKChgz'),
('MElmlvaAW', 'dtpYm', 'ZCgxoTsaWTlY'),
('SbWoivJahvKD', 'CYUIPaC', 'stqo'),
('zhzTJGm', 'EbWhN', 'RGIXcdDpTBg'),
('wsJeTHuT', 'UFw', 'AygehM'),
('WNGAq', 'WftneeXRZQ', 'aWAkwSfA'),
('YcnHAyPGBuZv', 'xc', 'ehB'),
('sMUgBXbKoYSn', 'HFmtkkW', 'GpWXmkpylGxj'),
('NdH', 'dqcr', 'RBYaXu'),
('mf', 'grDtb', 'KsiYzwRN'),
('OKbOcaD', 'JMTHjFqBmOXb', 'yTQLe'),
('uSPLH', 'jTm', 'ZRnJeLmXvB'),
('nX', 'yPysvBHKd', 'tBqQDH'),
('wjSGthXDKoig', 'RM', 'LTotMAW'),
('FrSjqOv', 'PMT', 'zqdoFPs'),
('Tp', 'wgCkTj', 'AWvxR'),
('fprAvagvMj', 'hf', 'pylmYg'),
('yDKDsHwGEjUo', 'JgcjKpZy', 'UoCBIphpt'),
('lXUZBabyIAem', 'UjbWp', 'oGCoEkC'),
('vJWdITa', 'pVKEyMaDuSra', 'rQZwj'),
('JdATAUduHSp', 'Oev', 'vRNsaIyl'),
('NvYU', 'pOSMmWiP', 'jGOFhLTyAwBB'),
('ni', 'kQ', 'kHXbZqGPFn'),
('OGhLRLQyC', 'FnIBccxlAhJ', 'DZgf'),
('SdjF', 'PIxltaCNLAW', 'Wr'),
('iPjlI', 'ouaislMrFZZB', 'KpNZpYZ'),
('WJrmbWXP', 'EaGVrtxISLN', 'KoSnv'),
('iSoMLeiEoPa', 'XKUFJiCMZ', 'xeqfXK'),
('ohhPqrVIYi', 'JJhtxpbG', 'Jklg'),
('gNYK', 'HypEje', 'ySiZkB'),
('eMWtpndSp', 'uo', 'ZwqE'),
('ulUgmCU', 'ujOhViuCdN', 'OWajndbjjNre'),
('OngmTeUHOv', 'JE', 'bqXqrywwE'),
('YdRnOCsRgH', 'gmkkQ', 'XJchzR'),
('pPz', 'tbuo', 'MAjwEJwVvc'),
('yIupVqNqQ', 'SPpFZDupE', 'SoqYCotAcz'),
('eyOJYusLVUa', 'nxj', 'CSfi'),
('KyDGh', 'Im', 'lvBTme'),
('uafNuQVwT', 'FffBV', 'kZAIDLaPN'),
('XQnbUiIKCT', 'EkVPwZSTqwtD', 'GiVNyATKyVkG'),
('aX', 'qt', 'ndouWDBC'),
('wHCfmN', 'SPpX', 'ISy'),
('BBe', 'vAwFwyIDPvJ', 'oIt'),
('AOWr', 'yAwzbZo', 'UUaga'),
('bUSfkDfS', 'mkcuVN', 'daWvRxk'),
('iVm', 'XlhYTQpH', 'tAEppkt'),
('QzuRWmoa', 'hd', 'PDdRAG'),
('bLzvlTKbqYs', 'tXVdjmcKZI', 'iSfnU'),
('uGaK', 'rZLoQMlFKJ', 'ZQFtywRITXKe'),
('KlHRPWZGTSU', 'vvjozcBm', 'tSHxbFfDaJlT'),
('LsbJhFIpP', 'JOJqWxDVwk', 'OUg'),
('rG', 'FlgtxVLdYZzx', 'WHzTLmkvQw'),
('qoWchUIhRfLH', 'CyzZWBDj', 'Ei'),
('cstRUscD', 'WymWbXLrqo', 'dGtBcUOo'),
('nFwhDoS', 'qVzyCJjIlHn', 'uH'),
('IR', 'sKbd', 'ZGkuAbdtgwD'),
('XQSlPmgb', 'YVsyFUdhhJTo', 'qAaTpChygMld'),
('lGROOIInWz', 'EFHIyGUsNJp', 'WOXDfjpEbt'),
('OELrfviTbtZ', 'sraaCz', 'fB'),
('gSc', 'yVcSWmJ', 'pIyDoKXAA'),
('IQ', 'ekkLJkhobCXF', 'Hn'),
('JREEwMXQN', 'TFHEhl', 'lkREgg'),
('MsRawllpG', 'XcalaVt', 'QZJUryRpRXyg'),
('MrOZkXkjfeaU', 'TsO', 'jgORzcPH'),
('RFiOApclppDw', 'LpQwE', 'FThfWk'),
('pPA', 'RYAauMNd', 'vKqtjRGs'),
('xsXmdPn', 'kmkrCSK', 'JRuCaiHi'),
('swG', 'SNeUOkNQd', 'hlelOPtIAIUq'),
('uMyH', 'qNVIECJqbIX', 'uRHsgdIZBc'),
('od', 'rmUtUOsdu', 'UtiGp'),
('AZhPZqC', 'xcMWmawyxoy', 'cySksbko'),
('sJOBQszxKF', 'EqdEQcK', 'swRxMPrOco'),
('Fs', 'uLm', 'YFmwJi'),
('skJldmQHaiQ', 'wNa', 'Fxko'),
('KNgRq', 'xvmXxV', 'Hg'),
('nIKaCHTa', 'Eqc', 'HucSof'),
('LVli', 'INqldWAqzQkq', 'LoCLaMgL'),
('OdyRY', 'SPEbrPIarMw', 'efxipGNe'),
('kqZrBX', 'wAuTf', 'TbgsypXvMPQz'),
('WnRx', 'YlN', 'wXk'),
('vZlLoms', 'zcGmHh', 'BFmrpvjFEs'),
('tfHxPS', 'MGw', 'XcZtKIOWeAir'),
('EFpmXPkSTLUD', 'bnLEOA', 'wkg'),
('ABOBA', 'ABOBA', 'ABOBA');
 


INSERT IGNORE INTO Contact
(tel, email)
VALUES
('+375291273137', 'ksv.2002@mail.ru'),
('+375295553535', 'vasa@mail.ru'),
('+755555555555', 'aboba@gmail.ru'),
('+375292993422', 'aAQyUjlJRxriWU@Hmail.XA'),
('+375295898079', 'NSKFWeYUtlPh@Zmail.bl'),
('+375298139496', 'oEPEIuoQwsGyZNt@mail.pn'),
('+375299730042', 'YCASCPdoTCn@mail.IL'),
('+375290021005', 'TRBBgHN@Hmail.Tj'),
('+375297288091', 'YmVKeFexi@Nmail.sH'),
('+375299570153', 'GHuySEVFNSFUPX@mail.kO'),
('+375297973196', 'PdgIhxRKhKVPAHs@Umail.Ig'),
('+375292502723', 'nTOriCdjfTk@bmail.ND'),
('+375297381954', 'hcqLMqqxdO@mail.qi'),
('+375294967638', 'LDna@Omail.xL'),
('+375292857847', 'JWnhGYZCQL@mail.xE'),
('+375291586616', 'rdNmTHc@Xmail.oj'),
('+375295154269', 'FflE@fmail.sH'),
('+375291266983', 'odqjaQZd@mail.wS'),
('+375293533427', 'TnQPReJN@tmail.ZP'),
('+375292864801', 'RzZaKOFzEZWu@email.qa'),
('+375292978426', 'kAMyUDfCj@Kmail.rY'),
('+375296831581', 'Af@Qmail.rt'),
('+375290859956', 'aFOosiuneIiJ@mail.Hn'),
('+375295429755', 'uzcFOrdLIm@mail.UN'),
('+375298772651', 'wukCsMDWZSXe@mail.mF'),
('+375290222608', 'gTWvWULJPP@Nmail.nR'),
('+375296728217', 'PGSLo@Wmail.Ma'),
('+375293440257', 'xpLFqk@Amail.Yo'),
('+375290500402', 'ZbDajZGgXh@mail.LF'),
('+375296554746', 'iZKImh@qmail.AC'),
('+375293630481', 'osgWJZw@mail.hu'),
('+375298410738', 'gxc@mail.ae'),
('+375295822499', 'CjPgGWRW@rmail.WF'),
('+375298602765', 'HNXEliLvozcZ@Xmail.qp'),
('+375297423284', 'nqttQ@mail.iC'),
('+375296529602', 'nDVcpCGC@smail.dJ'),
('+375294122876', 'MOpQNGeeh@Fmail.IM'),
('+375296017017', 'Kkhvh@Qmail.JW'),
('+375299487136', 'SkzcQtE@Zmail.Av'),
('+375295821298', 'yRawaqVKLIt@jmail.Wj'),
('+375298900846', 'WUmnS@nmail.jT'),
('+375290722878', 'iWaEb@email.NI'),
('+375290041385', 'VoltxyJ@Zmail.Fx'),
('+375296150354', 'tfnffYcK@mail.PO'),
('+375298153599', 'gchgPbjaeTOZRxt@umail.Ee'),
('+375293692891', 'EkNCGBi@Bmail.vx'),
('+375296510819', 'PjvMR@qmail.ub'),
('+375292685258', 'sqOJKLOzcAWbYD@Rmail.oN'),
('+375291468435', 'joSjLgDte@mail.yG'),
('+375295131239', 'igFvYdwSzeAVnSx@mail.Jr'),
('+375293102814', 'vywjXcw@mail.yY'),
('+375294557736', 'hLJ@mail.LZ'),
('+375293397528', 'ENBx@mail.ZM'),
('+375291937805', 'TwvQAxCKAxzVs@pmail.jy'),
('+375290842986', 'JUvANviVJgFtwwr@Kmail.yC'),
('+375293478937', 'agJ@mail.VS'),
('+375291310240', 'cZugHZ@Bmail.gT'),
('+375291280433', 'SVhXhzT@mail.Cf'),
('+375296759109', 'BsFzFjdVm@bmail.my'),
('+375290205381', 'dHo@mail.Ww'),
('+375293310963', 'klz@mail.tE'),
('+375292951344', 'OjLKpUMzy@mail.Ai'),
('+375296074654', 'ceeZBZDYdBD@Xmail.QO'),
('+375290314708', 'cwVyHqhWjb@Smail.zQ'),
('+375298693716', 'DGBranhgR@mail.tG'),
('+375298918606', 'GnBBFdMIRRJVnt@vmail.Nw'),
('+375293587105', 'LfmNZdiRukj@mail.bh'),
('+375296021448', 'RwsknSGCjbr@mail.UM'),
('+375297426353', 'PprJYEB@kmail.Bv'),
('+375299707680', 'DggfcqLazNHI@mail.mh'),
('+375296659238', 'vZhHVeCC@mail.dY'),
('+375292088864', 'JjC@mail.sv'),
('+375292099990', 'PKExjJXz@mail.lJ'),
('+375291524487', 'fgZgdjoM@wmail.Ts'),
('+375290719781', 'FaYvHmwrv@bmail.XZ'),
('+375297731580', 'pDSgoKP@mail.yS'),
('+375290486667', 'AzZkwIkD@mail.vm'),
('+375294550905', 'Eu@mail.rF'),
('+375296306136', 'vdyuAFJUrv@Nmail.qA'),
('+375296520493', 'mbPKWgHheKZ@Tmail.RJ'),
('+375298975659', 'nDzkOeIhqbuTQxI@mail.MZ'),
('+375297270811', 'tVSrfvfanTKq@mail.kg'),
('+375291610043', 'GCumQYK@mail.ab'),
('+375295119949', 'VgrGTJPNyuwh@dmail.oN'),
('+375294031224', 'xjY@zmail.om'),
('+375295956909', 'qxtygPXCYEjiGa@Wmail.hL'),
('+375299720667', 'Zq@Tmail.Wn'),
('+375294576522', 'reggYlO@mail.fQ'),
('+375292566785', 'rMhwW@mail.OM'),
('+375294277931', 'WujgukWpVBNGNf@Dmail.Qc'),
('+375290480310', 'aal@Amail.IG'),
('+375291036232', 'ac@Lmail.Nx'),
('+375293299500', 'OLLh@mail.Wg'),
('+375294863728', 'fXtvaZMxuocuR@Gmail.pz'),
('+375299348208', 'UQUlT@Lmail.qG'),
('+375291199221', 'UQyFVVBviw@zmail.tf'),
('+375299399484', 'iLk@mail.Ey'),
('+375292173342', 'LUQYjPfQut@Umail.nR'),
('+375299795334', 'jqtppJt@zmail.pe'),
('+375298713450', 'wcBNSpRmrNLnp@dmail.yT'),
('+375293816809', 'wGt@mail.eA'),
('+375290273183', 'stX@Imail.zD'),
('+375290637708', 'XQOGzkBSldeTcY@zmail.ye'),
('+375291234001', 'center1@mail.ru'),
('+375291234002', 'center2@mail.ru');

INSERT IGNORE INTO Address
(city, street, home)
VALUES
('Minsk', 'Petrova', '24'),
('Grodno', 'Lenina', '18'),
('AvRssIGG', 'bf', '23'),
('wvLAzZq', 'fOKj', '83'),
('ZBjEimgi', 'vcuLWOcmIuBd', '35'),
('kLOVzYMFKyhmZk', 'HQJocfrmdzbR', '32'),
('yAZyaNnNBeldyXp', 'TFtrVTvuSKUBtN', '87'),
('GTTMFBtKTpEcLO', 'yOwixiroXeB', '24'),
('bMi', 'DjW', '09'),
('fX', 'fGwjpnDYeKoXKN', '60'),
('URgqhoGXo', 'tKNlPZttyP', '89'),
('NqBvqkpT', 'lP', '00'),
('OphaWQmErzaFD', 'xcjrNkY', '13'),
('oKTdzfKSLQ', 'tYZejKrnGu', '82'),
('nYfDs', 'zPhYvzyX', '05'),
('wyFTBlkBVDXTfR', 'Ex', '13'),
('SpcqELhBl', 'auyPcjwsaEGKw', '07'),
('XJJuAgTCUaQ', 'oV', '50'),
('LQYWXbqfs', 'Ds', '69'),
('AFSlrpyc', 'NoOoeXRGGtdI', '98'),
('hcioLWzflNtv', 'IEnUnEoOLTxeAgy', '91'),
('WTTKls', 'XveOyqkFXCUN', '51'),
('eEZr', 'mwVuqGdC', '65'),
('pJgVeE', 'xDngQV', '71'),
('tqQkMqBPvWV', 'uyHmC', '24'),
('qgGHxqVyD', 'vTDIAPGrb', '24'),
('fVZjLDsMAoSWVZC', 'XVOkQWgrqgFI', '62'),
('EjNXugtWUplb', 'lOcfqwdmrHay', '14'),
('bTqXK', 'qZERwmJy', '50'),
('Sg', 'uEOlJNiacpoNM', '11'),
('puFXGikRxM', 'LdcnkjjHKpzqn', '03'),
('WcTBvfS', 'EAsmTkQcdM', '18'),
('aOcDRGMMfGietL', 'BT', '92'),
('lvIkK', 'aUs', '01'),
('wwM', 'LVbnjAV', '29'),
('upGJHUyNrOZ', 'bIZvjLzJ', '92'),
('qnOHEDbk', 'SRcwkKvwWue', '73'),
('dWXZvmSlPilWJEC', 'DJXAKEgTjAlgzDk', '38'),
('ZsFvVMt', 'EEcdyQmHY', '92'),
('QWEqSfkpRiJ', 'kfroayYmFrKl', '39'),
('gDulJEptydCF', 'UReOEQNZL', '79'),
('hENvlzjkPHSL', 'exhftrXarzj', '31'),
('gKvpCavUlDOo', 'FDTlT', '01'),
('LCkSTuPWfLCgwIj', 'xeIMKhvubcAO', '11'),
('kwqGVIdFFKMGSl', 'IaLNHduXthT', '69'),
('qKg', 'GUdGptEKHwlPby', '78'),
('NVuqux', 'rleJABVkp', '01'),
('ypJpDEVJDnYUe', 'PHBzucvXQki', '19'),
('LQXrBXzymSpeuv', 'jWCuHb', '84'),
('JfowsFdg', 'zkxtc', '48'),
('dYdNyHCBJMqxh', 'IAxMTiPApFag', '29'),
('XLrHpQysgNoQX', 'ixo', '22'),
('BxrFJINnjjSiZHp', 'TqhwfnTIFJvpU', '87'),
('sgws', 'PGUj', '03'),
('NEjSrTFZU', 'vruQLMIZIKZ', '66'),
('KVKw', 'HHAniLRUarZHs', '51'),
('rJiMoTalRmN', 'gkZeMZSYNmFo', '04'),
('xhxRcCvMIhddCRI', 'IMEXHbxV', '81'),
('scGZ', 'XFvEhIrv', '97'),
('SAIdTzam', 'uHrDAloUHEaQRP', '96'),
('kbeurnD', 'CyjgGgRXnZ', '07'),
('PODTWecDskX', 'NwuRmOyQfRos', '54'),
('kiTDVxYbqrRQTCe', 'CBiHzfDfAWUMs', '79'),
('hoouulfC', 'zLYmJcO', '60'),
('rLrhLFyPw', 'On', '27'),
('WTbFpRGGcEhppVu', 'prDSitf', '39'),
('XasiCuddgdai', 'KMlrkkvJ', '86'),
('kM', 'FsPLM', '94'),
('shTkyQnG', 'kZKhuNcXGwNEH', '86'),
('qDxpzpfBC', 'oAXgKr', '18'),
('XsBhaDjmbpR', 'FuANRryBecNkFP', '02'),
('vBKfwWNtTxsovW', 'lfdPQ', '30'),
('xfCFy', 'xjWyM', '71'),
('VZakJzi', 'DUXYVgBbgMK', '54'),
('FzpmrFFgyfBGEhO', 'CtPyRXCokZz', '83'),
('BUlzKYA', 'GvwuBQHW', '22'),
('CRozTcrQq', 'fQDgtgu', '04'),
('lZIMHTCinNnX', 'bpLANor', '34'),
('HUWOsn', 'ETc', '67'),
('dBvVSDxoc', 'jr', '40'),
('ruvHoWDHDnHYJ', 'JBj', '84'),
('Aj', 'AxZgFqeXgLzOIOx', '09'),
('HAMJKX', 'GMKTFJh', '51'),
('QUC', 'DGXjrIfQp', '35'),
('uylUVANhMXTnV', 'Kkel', '39'),
('ilpqJlK', 'vXOgE', '54'),
('BZhBcPBcaWPWDOl', 'fULemKitpkb', '25'),
('lZ', 'LVYq', '91'),
('HxHdoe', 'kcwMHKZcq', '76'),
('CXenqDBZU', 'ZnYIWoqHvEs', '27'),
('fuQfLJspXL', 'JIkWksEQPdCoH', '44'),
('pUXuGYdMtcUdxT', 'HHtudmQvTuSNpy', '33'),
('kuhxNzqzJpjB', 'DHWXrmDfIUVUxCT', '91'),
('NKfMp', 'qjRQJk', '03'),
('elpOJAvpCeh', 'alLaQ', '75'),
('ryVGCQoHY', 'vZrjlhfYgPIkg', '29'),
('qUscievy', 'WpXJlfkJYI', '20'),
('QEKiBCjeTsqL', 'AYo', '44'),
('AZXOkE', 'ci', '94'),
('gZ', 'pw', '25'),
('CdB', 'dC', '28'),
('WfPhdEGfTRaGhAr', 'Nlvfiw', '67');
 
 
INSERT IGNORE INTO Center
(address_id, contact_id)
VALUES
(1, 99),
(2, 100);


INSERT IGNORE INTO Patient
(fullname_id, address_id, contact_id, sex, registration_date)
VALUES
(70, 35, 65, 'm', '2021-03-15'),
(71, 24, 24, 'w', '2021-05-31'),
(89, 61, 15, 'm', '2021-05-26'),
(3, 26, 16, 'w', '2022-05-05'),
(53, 50, 5, 'w', '2022-07-26'),
(68, 87, 89, 'm', '2022-11-09'),
(16, 87, 13, 'm', '2020-12-08'),
(93, 66, 44, 'm', '2022-02-20'),
(6, 91, 7, 'w', '2022-07-25'),
(37, 29, 70, 'w', '2021-08-13'),
(42, 79, 60, 'w', '2022-10-11'),
(73, 13, 26, 'm', '2020-12-28'),
(72, 17, 62, 'm', '2022-09-04'),
(63, 84, 80, 'w', '2021-01-03'),
(83, 1, 25, 'm', '2021-04-22'),
(39, 58, 67, 'm', '2021-11-14'),
(56, 95, 43, 'm', '2021-11-06'),
(57, 96, 53, 'w', '2022-01-28'),
(60, 69, 85, 'w', '2021-12-24'),
(48, 14, 59, 'm', '2022-07-31'),
(88, 55, 64, 'm', '2022-02-14'),
(71, 25, 9, 'w', '2022-09-03'),
(46, 52, 30, 'w', '2021-12-02'),
(91, 5, 10, 'm', '2021-05-25'),
(35, 25, 2, 'w', '2021-04-12'),
(89, 25, 13, 'w', '2021-07-26'),
(84, 70, 52, 'w', '2022-04-27'),
(39, 37, 11, 'm', '2021-10-27'),
(73, 83, 12, 'w', '2022-06-26'),
(27, 85, 48, 'w', '2022-10-23'),
(99, 72, 77, 'm', '2021-02-15'),
(1, 79, 82, 'w', '2021-08-10'),
(31, 63, 20, 'w', '2022-01-31'),
(13, 93, 11, 'w', '2021-12-10'),
(48, 21, 31, 'w', '2022-03-26'),
(84, 41, 62, 'w', '2022-04-21'),
(57, 50, 72, 'm', '2022-06-11'),
(84, 64, 32, 'm', '2021-09-28'),
(78, 32, 79, 'm', '2022-06-17'),
(14, 7, 89, 'm', '2022-07-11'),
(7, 19, 48, 'm', '2021-05-25'),
(29, 34, 29, 'm', '2022-01-23'),
(75, 91, 49, 'w', '2022-01-09'),
(50, 37, 52, 'm', '2022-10-23'),
(65, 85, 20, 'm', '2022-03-29'),
(87, 33, 45, 'm', '2022-10-12'),
(92, 1, 85, 'm', '2021-09-27'),
(43, 9, 51, 'w', '2021-10-22'),
(27, 8, 53, 'w', '2021-04-15'),
(90, 36, 61, 'm', '2022-09-10');


INSERT IGNORE INTO PatientCenter
(patient_id, center_id)
VALUES
(1, 2),
(13, 1),
(45, 1),
(4, 2),
(2, 2),
(26, 1),
(42, 2),
(33, 1),
(38, 1),
(48, 1),
(43, 2),
(25, 2),
(49, 2),
(32, 1),
(27, 2),
(44, 1),
(19, 1),
(20, 1),
(4, 2),
(33, 2),
(46, 1),
(23, 2),
(6, 1),
(5, 1),
(26, 2),
(25, 2),
(17, 2),
(21, 2),
(21, 1),
(38, 1),
(38, 1),
(16, 1),
(33, 2),
(5, 1),
(12, 1),
(8, 2),
(34, 2),
(26, 2),
(27, 1),
(16, 2),
(27, 1),
(17, 1),
(30, 1),
(1, 2),
(37, 2),
(49, 2),
(32, 2),
(25, 1),
(5, 2),
(45, 2);


INSERT IGNORE INTO CryogenicChamber
(size, status, patient_id, center_id)
VALUES
('head', 'free', NULL, 1),
('large', 'free', NULL, 1),
('large', 'free', NULL, 2),
('large', 'occupied', 9, 2),
('large', 'occupied', 35, 1),
('head', 'free', NULL, 2),
('head', 'free', NULL, 2),
('small', 'free', NULL, 2),
('large', 'free', NULL, 2),
('small', 'occupied', 31, 1),
('medium', 'occupied', 20, 1),
('head', 'free', NULL, 2),
('large', 'free', NULL, 2),
('large', 'free', NULL, 2),
('head', 'occupied', 34, 1),
('small', 'free', NULL, 1),
('head', 'free', NULL, 1),
('head', 'occupied', 30, 2),
('medium', 'occupied', 29, 2),
('large', 'free', NULL, 1),
('small', 'free', NULL, 2),
('large', 'free', NULL, 1),
('large', 'free', NULL, 1),
('head', 'occupied', 26, 2),
('large', 'occupied', 13, 2),
('medium', 'free', NULL, 1),
('medium', 'free', NULL, 1),
('medium', 'occupied', 13, 1),
('head', 'free', NULL, 1),
('small', 'free', NULL, 2),
('large', 'occupied', 36, 2);

INSERT IGNORE INTO StockItem
(name, description, cost, quantity, center_id)
VALUES
('FFCtaPiPgiyUbEawqeCgwSzfEySF', 'IdbUsVAtSuxrOcoBtoZZPgcdpzZTOuCWZAOvpNkWnQvRhFjiCmnvNtkk', '01296721.84', 15, 1),
('JeqJCoqeqBomkD', 'AJINodeVYxgTHXTCHpQHnSguoldTOwekcAVCtDyRUCChejecgAEAEOzYbRkgSoNmOPtofYIFTpybCsRXoXdAqVsMGKRawLlVUmjYSXsWDWCfZFFHdFrahEjKqmrJfjUwTAqvDPweFOJJbccfaRyqJNAuWDjityChvfwuLJgcvoRinhrIqAcKuxrpBWzsbwxZTRNtfGwmDNpCAJfAXuAyvAQnWEawVIfXLjIQHTJtSnvnhBQEFudwPNJv', '77303247.82', 7, 2),
('XNknyRozUgOetHNfPhncqZJRhmF', 'XGTjRahezesxkeIYpdjOoxw', '74854381.55', 4, 1),
('pTYrwihrvGVMABLRZLflVNvBFGyIBDMOtivfcRqeu', 'hRRdOVQbUGNzqQqNKUwOEyveWNmDBxIPPQjtjgimpbkPuPDWIakzwrKbxKGafIr', '89744054.37', 67, 2),
('MRzodNGItoFLCzpL', 'GTZEwGrmDobDXORaEDVjaoxOazceyQvnNABVAhfhPqYLpSwJrgtNHBIIUnmlAKbLZIttlTbRxcWXSxWbGwGiQBnXMrceORGsXaunuBkiDtaeAVteubtGLovCFNLrbdjEMqYqmbpmeXhCVCwYaUDzrbSiXpNuiSVpSeEGjNNSTtroRceEBpdOWsCcuNnKJ', '20002885.58', 859, 2),
('xwx', 'WmtAnkmoxfCoDRhIxQHVElhHIGbPHVAhvYmQdztwmyGcXPAefFhKjGyElChCmIqvPVSjPHWcXkyFyflYDyCbArjMdYANECxZnxblggLaFHmSLOBCtlWyuduDSuaXOWkVYMTnPFVWfxPUSlKyKgMMFXKYcopNfcdSMOBIuQhaTUXqhyssdRhyhidzNqIXUXBznMIHpdahNyiBkoSWUeUliWmqiUvKrEtbgmrmJq', '17788294.11', 6, 2),
('csMQvfIUQtUnYhJMdTAUGTkQQpgjKazpadhRF', 'ggtaSqfTapATpNGXwqmtgjNPAQZrAIiWUnebJcmzpbTfVhPzzWUidHhlCrFyAWwTMgYCLEuHXIIECducjKTpEgbFisCYteyoykCaaZOSBWtZNOLDOBZBxgLkmNwqZBPfwjCVygnhRDoYcYZFTsZsmeCWYRbUL', '77792377.70', 6, 1),
('EbugNKBPeWWKrMFWajnZSaJVEqHcvVmKgNiRv', 'gUlyquCkomYPJPSHaEwKsLIqWiPamNupFVZoDtMjMhizXmqEomhIrqxYhdIkcSNrWfxBhUBldlXfgQZxRYrLLOgzvcKUwWgyCEnFFdtsqxcoidPdUPBVZjyAZnLlOxZnSQYgkVTTfyyloWCcOeOlwgXekWSxSsgkHLemNbPhVsYkDspqWiGYJIz', '80055705.05', 447, 1),
('aRROYVjwFsoiQPPDVi', 'kxMSKaPSYbQFQlXTTjUZuFsMdEZdDdBdslbZjsYYgvozTTpXRSWNjxOJxgXFVMTsgzownJYLtaIGxFADPrxocGYCPOSFVkyldLSLgxmUvnuEChDEINLRnHyrnBYQTTRDYACZgWeApNUGSdYjkGLUsTgNcqwnWQctXiGFTal', '69211597.98', 65, 2),
('QJoJbosllIExwAXUiRSHmxsRKYmUOH', 'EstPrXPDvXnzykghKXkibptiZuXuinHFdDhKlormEgqUtdAvIpKBKAXpqCaQhaOuTAQrogFSKNRryuCKwvxffmGomgEhLOSJDroOFyVrindPHAkLHceOaUoHYJaYsMMTmlMdZsYbUiLKKcIdOBxJlibMFuVRAcceGWDCJwSzFqRotHalHsRIkuGTBrbQSRIphnmriwyXuySrHktVomdlJWLkIHEcmt', '30036432.39', 8, 1),
('qlfUeveTsPx', 'OwFjYkPoqbCqxexxbtJzmoeuVCQYjzmhesEcvtYvmRpsUhFfLMHGhRtcNFJIH', '16696165.72', 24, 1),
('fJtcXUAtaAAuwpzNIHKj', 'mgPZtxhFsxbxxfdWiOgeKPdwQYJnnHRUgDTdfYZDyPNxxSDfQQpFTbZITySpeKTDbPlyBMlRCQBsxjAZAmaetOAjhhpSAzfPQTgsrCuRuQzHtkzhONOEZUwMetwImpSxXRKfsGTCNIivzMkhhqiaNqbHsucKRTmPcsO', '21923704.83', 75, 2),
('yRjJbJQZJoEHkzTngOqlbJsYyjYXjXPHnoGFeDQNUuG', 'iqqjiBNzRGDXZBFtEefQzjHaTdCqZLDKpNvfYJyyhWHzWLqCcryoZFrhLTzdhuckMQdMdJGLhIyhWEhZILrFxANxJSLIFVjUeFCfPOgHOSQrzdShbmeTXubeOHkjcSQStGiUQJTIVYftmXisKcDWKEquKKpmsTUYOSsscxJMxPpyjnwOdoOkuyLtqdPhvX', '31730373.09', 32, 2),
('dyRvBuzXGstNt', 'IbmcJaYHcFHXPtYHlUqVRjSsOVmVPqFyqhQpPfFVJfYQUMuPBCOPHEKCLHgtliMlotnLERbsvmrHRzAfWWLhBqPvXjHyaWluWbzTjmLqFiweCtCpAFzOvWMTpNAMkbolqvOOFeuFaLYmtCZzaPv', '80940480.40', 6, 1),
('gEepGUDIoKdpFtKsypXeuoNFTpRVDoRynQdbHELMCgK', 'mHTIMpwSUukXMAhndqSURuTfSOnCDfYDPupHspgQGNiEDvpqUJKdnQqxwNYcRvhbFTEvHNlxLDRuAvSzqOiiFrOgobqCLZsNsnQCTkzNbJbDEVWjqrndQpLVxkSvspQfjfFx', '40519851.89', 7, 2),
('SQWEaDErxg', 'NgmqIWZjDWqWjakUqedGeEXXfEuMcvmYTjEQWxSWNZFPCfaKZwHSEHokYDJrPJaRbVIXxM', '97180602.66', 10, 1),
('ppdRcATCNZOEFhGdqJcGcpVPFnherwoVQtifuECzzk', 'teoqMejfyrBcUCNFDsGpyqDeHkVulxXTiqtaJUYzLznDDcaRqVMbrvVKOcsdrmCiPYcwySJzQosKlasEvxIhhbMttlNwHZOptVnNMpzSovzIrDbjMeVoJnvT', '95453477.08', 8, 2),
('IOzicevcgGLqOtmNCjviMgoRApvRdeUjrHXHurn', 'GKZJAHlGcrVnFmAuucxNbWwaMWfif', '60529960.82', 55, 2),
('fBgJiBDFLa', 'CvuvzIOyMpTSChtuklFRcppDPAsiYiVAwIruJFZXolnsfHJPkMXxyswyyWZwnzJBZXWmApzdoVqxcjofYoTSKWnSOPWbYRHHdjWorUXLCYMxcBKJVUfufIrPwTzkNOPgsSIgdxxtkJGnxKTViLPQHKqMMPFjeGmDMjwVpXUfJwjXAZDWutdNZFxvJJjnrxmzxKcZnkIlelNoiFWZsJSgbcbiaLWzJFDLZLDY', '65997521.83', 9, 1),
('fhyZjxBVVQzazhERtG', 'OKbhVXyqF', '59957327.36', 53, 2),
('tfmajMjm', 'RNSTVIsFsBnJfjVUwtrVHaJgQHUufMtcIIYgCmCckKegQQcmGGUlIhcmPWMBZtaxvvBEFJOlsOuGpCBSJhbQWxenEOyITuSYzLjOBMggVipCTrrjDXJcxIFWLXPEpsBgHBLKRklHkVlYLJmMkOTCgNdrpcwAIBSDXoLtNnFdptxIRgbRRllQNEKCNQLJqAVDDssBWQTtikfSHluyCDWgSYOABQ', '51590870.02', 85, 1),
('AxlfcfDluUFabkOdevrUUIawXncI', 'JDvYYWecmiesjebXwSPJLyEabCWbQXTCKqpWEJVGQUyocyryYfuUEONySeQRxkmbYQjFeqxfyAQpDMTeIanYdABjqFtj', '16073232.44', 5, 1),
('lyhJyzmDQzePkyMOqsIIicZCyImMAwpwFoJMAHqorNrtEuvTe', 'WsouPchsalAlkBTRzIGBgfYxSJtdwBHpouyxjuCQpgfcjfSFgkEPXaOBGxPFvJJFBvyiKHaMPqwbQwaTveGjHoLmNdSIOPSgjKgLTvqlrgWhLfWORssnMeTjzNHNRAyDXhSSalnooeykmkRcJOidQJTDcCBaGOxMbbtmyqbhGdyZQoHCmogGtupjUWQvrfHJrfKBIXgmALKgrlZrBygiqmUBbCqkALZsMVGkafDGonTZ', '01603148.94', 99, 1),
('DJUVOxdkWxhVOJFYHBeBBuklBBkpOXEqTXM', 'bMmAhYqsBLWcxAjdulKWzMgxaF', '06823014.19', 06, 2),
('rqbUYbzDxSWEitcLRWtgAemWvCUMtdWnhysbFcoewbw', 'jgvdRaLtefFTGuLhQsQlxmBbXkQRXvbMMIqBeDDHDfGLXFTfYYPamkddWcyfsybDtQEHTiDX', '43143021.61', 511, 1),
('VMCMgxvmoJGrHLTZDbCzzqtvgQ', 'erYyTkrld', '67803628.27', 68, 1),
('XCEWQQoTKU', 'AhwTQmWlMSdXCnVVEsZWV', '47777961.88', 6, 1),
('QURvSAZjAPGErNUWvQWKCzPbyR', 'voSaMMtiGSMWrGqeumMKXmPIYLGxfAEwKVeTCcRPwonIDizJKvcIBhTMFbbCmjHRdUGFZOzLOeNDwpgcRdOdqKShFVkrefdQEhwNgNuYUxVaxNdNUFsPRDnmeurpYUaCtBReAQQEtaILuzXdnFDfqFiHkhZtfOewbrTqLWEwZFMVUTLPzXriMSXFvlFwuaovwOaGohAVxZSjGHlINOlfCPETqLRdlOtuUL', '93727877.80', 85, 2),
('QVPylOqrtoi', 'dLTANOWCBNHsdVwMiYQkjPtZjOamjvnsOTtSqqMkSYJDLNLvhSNDgnLx', '28177480.12', 9, 1),
('iaNxrBmatZnhdxBmgavgwmdUAcMHHmOmmUIZuNIDPwQO', 'vllgzbaaTHaYqKkCCCxYdIxtFNWgfxsXTqjjRyufUbzZrbYmtsbvxBBdeCXIZRgofvShYvfSgELanuzaNQTkdfjTdsSjGeHiLOcBhdkXAlkLqytPbTPChQyjGngJHgMHIQrSkThkECqFfAbLUoQkklRyuIWJaAZDG', '22523511.87', 80, 2);


INSERT IGNORE INTO StockPharmacy
(name, description, dosage, on_prescription, cost, quantity, center_id)
VALUES
('RGVrrlrIbKhcmrzvmQpGHYSPDNuKP', 'KTuLwnMhgYQqailizhIfUHhtdmCPnSkfTnPHWORMYRMbmNEkDSRuHaTSjdwAzlSCwcnYgQJtetVAYtpAqHLOBScYdZLSGbcXYhBJwnNyGhIScaampKKwkXcyUbSmlGqdpkdAmyQoDgFuIYMKFPvKJtozQJdKwsonpEhBxiHeUlRCsvcCPSBnXfIebkWrsOvLXBXppokqjzilXrWhQkkHMkflIeaogCwa', 'ubSuQaWqMwBkUweKmjoezOQydcjwTbCgOKVhHekRKcmfEBhYojecIGWyosHhiQoXHCPZoyBxwDVhbZcbOBVXHTnerdkiz', 'no', '47255598.34', 959, 1),
('wvkbyLfjihkqpHrJAQTuRtIPvPpeINDwkOTrCHrsJBauKXPTQ', 'DVSEIlFSrzCxNrozQgryEQomlzVDWwjpbglxBuzuobhgkPsGLHLvuNkBMseNnFoWXTWinHVanjlKpkgagtXXBqUUnzeDVYNYCqYRKHeutqYlLZIbNTQtylgJvTqXLTOhRuHeZjYiooPAJOTFzoeASpGIzuYMtfdqtqLzrKRnqTvcoWQKUvrNXomCJefxJdbRKm', 'dRwZQecheNnTTpvkZwBVTtXuJpbaZxsUdiKTbbRgzkUeHeyBXSrVYmndPNWGjTZPhsykLITdxRHeYGXAOzPNWRrrIiPbmITaWTSeErTNBkJZCSeGXWHKkIFZewZVbQP', 'yes', '95944205.84', 781, 1),
('sqlIAFjcpNQAByiwOXxexeNYlRHxZSSQpQpAMmHxUWFKxKc', 'iTLPdxDZiJFQyrlsqOiPiXcKPNsABdHmzkoOlABuwEatSQdVvSXpopQZjvRgcrJbNHELzBtsqYgUfBaNJrHacoacvyLqb', 'mjOdFKivIsWSiDZeMvWOBmpJPgvolYwmtKjKfpPsQuYqjwSvYNpdthYQsXQzpZONIEuOEfrTIdmVAvElrQdfvoJNSbxleHgmSYYEYQxdaixEeSnvfIvkRVUSJkSYgKybURLoqeFeNtGTkBHRVHacrmVM', 'yes', '12045565.86', 41, 2),
('DbFDSdWuogJyyxg', 'oWByoCjk', 'bAweEikvxulNzgWITOgCFTZKQBbqqHBiPdhQpSASMPYqSpqOCwKvZGgcMaXUosBcSOOcBWLscJsMkSoUBfLUDRKsokxaoXLowsuEnFyXQQPJZhRZFqXFCjtAsAgRDDEUmkYjUdnTwxslNxjKNuEdbwYsenIanJpJsUPYVJESpFArdtUMxdRTNjYhIJxjUbwrpNLRJUQ', 'no', '08848527.58', 811, 2),
('EXMlteNDbiyshbcVkkVMHPCigJkLjQqpfKhEVvCQTFyVfLCz', 'hLROkOdDEVApLbltGpgDwiQiuKfPHdEoJjAyNsMzoDBRwctMSiTTAqBlfDtoocXFXwBwldlSDhBWfAWZkcEkCacKRyuHPBoOjognyIgdf', 'vaPYdWCNscrkdquqxWGfcKCCWIgSHcZDtfdddqUoLJSWsSdPUooVAiXZxwKeWcUuEEgbDGKzAYbmpuiYswjVQgACVIPbWpoBcQhDJdCKjLeDPcdlViWVWgXVxKFskMtIlRCQbRIUoAawPVXYyfZnIgpPNnuyrJUiMYdNFOmhMkNjuhMIJnSmcxqezjUsLgXXaBqIpLKLemJadKAPQEiOX', 'no', '88328215.72', 35, 1),
('tMHwGYlQYWDpeSBuQenJmetzrtnJZoApMhv', 'GPaYiMhjcbFzGQvBbwCTzXObwVdnMokjtanJrorxiAHyxpcbYNHLUvulYRTQlugKkreDQGkbiXqpmXZpJWtZakrzcxDVCWcHjwtfWMtvDInxlAFyGgtPVVHVJKwBJodDgJdymfVnBsMjaEAqBqnjCJRBHKKgBFRxSkHzMfVCrKjMirsMlUwYxylDYUCccO', 'OaiNGGznCIfhvTSEkqTgvjhFXeksMTnsstjoWKltD', 'no', '76253328.81', 973, 1),
('fm', 'SKVmEbFrjOhSKVWTsUemjpfreRRdyJBwQmNPRYgtFirGRusazDMoXbUDWAuwZpjVMvRREYsuSWPJCabbXKuvgocToA', 'IoAmgojgEDBIlgrQfQFSMtIuZtJPRnkloKDJPm', 'yes', '98605580.98', 9, 1),
('tSoyWyzPVVCAL', 'aERskgpkSQVFXYVKFmeEOMZfRCqClhkoTnCripFRRtufFsUXbPiTPCLemFVaelQUeKESCOUwnglCwKVomIUCkuECVHvXORImuQXnWKZzNC', 'CziGOzvUQbpwDbJFbJLrFUHCHMrSWqMsAJCzVNavXmHtkMsKNPXibqYmcewPrVDMqVzhFBnEvYjZsENdJaZPDCkKtTFzbjDsYpTEFDoqqWlgIfHHMTfHfongT', 'no', '72685644.39', 190, 1),
('HYaPUPxYIkr', 'mSwFUbsYpmSEaoxIveQnPARyWwPHpAAVrDufqhCWCSgkhAVHSGWDgUsSYYVTsvYrBmxTlJsNcIRFxvpWWPVniEVWdghQbpdUCwXpYuMwIbDlmzgmcLPDccGzSYelIqWgCvxjYMsRpqTCPUiwWvjhEInYqCIBTmdVybRkFLxUflgTnUxSidMDswGItiWcvjlhoMLITwqtlv', 'JRFCrPNGgwpdtuHnKoPmrfLaNkPxmXtSibfsUvSMoWZzWzUVwxjyIkoOAUrXNlrwFGkVsHuzoLvoIFSPmBqWkEzWuIhtVjalOxzoBSQgfjHVpyHoDQgjoKjOoJyCeVtEgyJKLUFJyhzcLMmbLYvPHYAsuAUCsAMNgvzQlRWJnZAKlmgjMncFFGgCAKqpIkUZBNHHcOTjsEin', 'yes', '14103596.87', 03, 1),
('YnAU', 'DobmsRHUnovKnwHpGkEOMTFddNIpAJTxGlIvhbynnMHdpNSHNtjSuc', 'UYCWoBiNEaSvMANeXjxXABgmEO', 'yes', '60863998.15', 9, 1),
('RhsrDozJAKABjNKJSdDjNPiRNjidEUQX', 'DczZfHZdsVWpanwEUhxEiaEAdsQvkwUqEDqGlvdhoCNyRusMTRJextpvwUvyXeljqMcRfhsEFSJtyBRZMfXdqcYZwKsbdLftQyyCvxVDwlfnIlJAmbPHqfrIujRYllBZwVrwhJrPYonPLGugcVKEzQNkwTOowThuBjprVbstnypvILxDMzXOiiLRQybkFGIrITxuPyvXhWlCfRIwDaQVsaoUyXuO', 'iLuGSZVhQmIkPWoQtXlcIyVnGJZEcBlhtATStXwWVvrdcGgAwtwVcWQQdDmgkkDJdOzoqwFbggJhaMbzTCoAyQ', 'yes', '69100759.07', 455, 2),
('fkIXNejWh', 'CVmNFmsebThFdnJEtFFpakPoRwXlrnJNisHHFWoUtzpYbpJMHYGUkSqciXEFZcbJNFBafMypJUheEpgUxIfwPqwUOijeSiovvtZwSvcIinDrshtLHedHTmWSAyQKsJoxQdaNwLJFVyYCKwVxmU', 'ghTODyFnNUtXCBpSdidxwdhNAHcbmhbVIlMypbYJQJbefmmovHpzxcIHBXDrTZjqwVwrnXjtLlGRNegLTaYfWZVCdEyzUqPLsRMVUIOLDuCTySersQtmzrzSUTGDdtObvszufKZeYlZkUqbDmtFOOfWCkYxxgGgjIQXSgnXxltrGaQYRqovpTXXRmDFqgjyHRFpBsBoEyMNNcyWurvLtWjGpunNKuiJlcHQbvswum', 'yes', '72657682.29', 45, 2),
('VCsbyIeyjEyTgjiWse', 'ezpeYOSxkiHelnVNQlMMPWvStzRnDUavyqUWaOGTeTNOlcYaBbFVFoONEMdgbCauSLMNSNfZtNWHLLYnOBRggIlRsBjeFfPrleiXFMDCBJlnBHHrxzbmLozXtF', 'AwZtyIkVoWzSqUmBTvIgTUfaFaugQeIJQZBGjSgnPddDgJoNfzHbPqxCOHyZXPHmynNDoCEqRuSjWYawwIrXwINyVhyvoklQOSKRLWVGiSRfUKqf', 'no', '15587863.11', 91, 2),
('wygYbzgTLkYGkObWMvClCuuCUytc', 'wEzXhHHAWtIAMbxpVbKcXemalwbLlCYPfkMAyiIVZFZLHbTlVtYnLUkoLDArdHxUnJvJAtcRbpGtLWmzGXWcEZcTNeWFbXivKKcyGBzwloeFDGcKcMIQoaSlGzZEsPuiqibxZCIcuDmMuyqIlMXvIjBRpEgHTiYxaCWVZgfLQAWnnOTfUFHMGeqYVLFbppttayOLk', 'JebjXOUsCFFEjfiYfkoIBJJzGTVehNQiBEKzBwKDINKGHFedyBzMipjYtocZuOkfbKUNpEJgceWBMZlpdrTaxFMpIQvXAROEXkylAebSoCKKMlbPdyvqxNfYrMTTlkcKbQIHKQcWHQpvSP', 'no', '51821625.41', 1, 2),
('cXPAZNSJOuCC', 'WbGMbADbuzkALAzZPYbZgtjeZWvqdfZEkAJQHPVMVnaiAlOXrbsltSUmBvdGvnhRZSwnyZbRZNdOJEoQXjjBYZFDDkdOJbdpqBsGghLdyXLCJxrBftoySQcrRCSwoeAAsaXSaoTnpJrGTxSuoUQZWKBbOGlRrOktVFUO', 'YbdLSrExWdhjNMgIOhcDzrrulTUBypjWJEDEIOVysTIOQazpmHShhExCTRQxgQxDDIAWNjhgXKLenBWFqOlfziJEEurGstOnNtazHKzrxtIoExGlAauSkVztSZpxkqvdcDdWgghipMLTeIHFIIwMTgYINmQkyjCirpIvjizC', 'no', '92155156.94', 992, 1),
('qqKjKsTLxjlHTRtN', 'AUlxCVGramFcCkevrx', 'BSLKauePEVfrwuJUgVWLAIWEiJDSBVuMIfbLAgZvgrYTjrIRqdkbcQATmNezMkrgAPfXkHUHdweBtQPkiWfiFIRPyhxHqKQRkyCTUvYetYxsEBILpLHwtHJUzHcsBlOGmRTvyeHohUjeVpkmouMCQGtuAfHrULxrYUmWhiMjoiTojLGxmyXVDUrskxscIY', 'yes', '75967151.96', 345, 1),
('NEpraBVgBaFagPQtRkvhBAoddXke', 'rbfETlMMfVCLUExGIBGfZlSXnQnrfozoDsuZqvpmNDGfdkFBKgCLhBNIuoVrdmjGwxWycVfjZiALedJAhuTmqiAGdbVkIdIGKFJDrZbGiYIaqyliGeusTlxbSgPKUvABAwVHxlBfhlEOSupqupXkSeJscJYJxGAAbbtArbJLUlLlGIYlqFYixLMQkhxgqTqFRSJxWkmCEWqLzfMQB', 'VOuRlv', 'no', '55246286.08', 5, 1),
('KWENktrEdXIfUDCmpjlVYsbFPRcSZSNLAOGPoEWAgusw', 'jykTLTgbveCMAtpfvGnuGJqoNOuLgFFjWbFTPLNAYvESnlNjxxJnlPOoiVxbStGGeIDPFLxbLnVssXZNVOQLFFCqImQnRXbFftuIDYWHAqKIlBtyMMFqCJiOtAzXWVHdssgrBwaLrtmLAFnco', 'TxhqzmLNLpgIcYSpZiAtfShCxSWDkEGgBiDJNnBEKsFDcXPLaAAmewxcNqafRmttvwCrqPlpxXsdnqxmBecWqQWTzgTEsGqDyFcAkrkIVrmkjbYanGzTFILkVVfUDmVHHCZywTAUCFOFdGCwPPUKTIHIPTgPwXPChtvPfEYhOmmKDhyBixrOQVoaWvkiPWYzSEiNTLIORSd', 'no', '44853486.80', 939, 1),
('ZLEAEeIeDPSKDfYEheAJxoLbuFdBhTYeamYgCkSXy', 'VKFUOxMupAwlBnRcSzjJuvIAYNMyjfFUNernZDKoCGdisNPKyWqwcpgvNXStkUTxbTODUQJrgcOZGIUkLOUVemjphBNNgEQBlFbadodFpiBHqiPmqPiQDRQJCWDkmH', 'fwxGELdsngOXmamYUDMPjwoddJDqOvVEMfIeQPzYHRYlNOyFMuluLMggXwHTjtDIenhGQMenhfBGyEnZUtapDjTDuYVJexTwZaTmQhvMfprKxzfqlEEUsFPkvOqmrGLgPKnLCDweqLTWFSFWmTNbZirRfyYVZxGjKwWkXcsfNAKFlWfuhQk', 'no', '71393310.79', 181, 1),
('aevIgAUymcbjfVxPqWvvKKgSsxpHGfLAIqCv', 'segBRXlZBvXpZNUkbdutvVCADpFEwsTaQyttMqwzkgLJqXYkalxZZixcvbCiaFRQigfgkAdZLSbxtULSeCAEgVESGJyNqBmSqkNeTHbGEEVoFsnYurQNJvOpkHjiVGpswUQwwVQErVaTjmwaYCjxsMdWuCwMcNCXGAQnUezgVBOavwjWEVoRDnUp', 'EFRQvgWZiHPKEYheDYqLeLVAePpHDYzrARVtusSwEEVpyNjGEcBooBqbvrinPwjXxeGQcbEGIDuVhlnyDEOdnqNZDAXsJzGWtjOWknBTYgeXpTtuIsmPhxaUdlPgpwzXPpO', 'no', '32123693.18', 390, 1),
('SKlN', 'XcFoOXRijRjMDrKTRPkifsRDAMJyJp', 'erCdhnzobZVfpPwCyedyVILCOvZQhWoRUSPoZpEnzpWyiSBOUjAgmNnCrnyVdXAYibglJFSrPCqbqrfpulpcslOwjgcYWL', 'yes', '11887120.96', 9, 1),
('NOtHaNacOSeXbIqfildxuSlfQIYldWx', 'YAvARVTTAySkzWXUNNJkBgUTtHEvgEqAzdJMsgaTgXuZCtVxMwQELxxRwFToQHFdhGroNMbZaRTjkNAsRZiCRcbCjJhfFtJLrXoPhNXSNiRwBAsHlLpQJWjLRaCteIzyzfJxReBjBoblAxSjzwaxCitVFlyHkqgoAANWqqAmdMgFPduPxdSYWkOYYAKtNCtRfSYwtAgyQZdWTaVVBDNHJOatpWFqxXXPLWjIjldXZqWCmFfxXvCqCOeUou', 'OuMFOezfeKQYZYjBfWLJKyEXExPOefVWRTsRzMsBNPbKnRsCsaiPOrLyOxMadDlgjFoBOhMzRPOJZNByEJLkEmHaNeHgYssBKtCphLYzourDPNIxDxHhPPtzTgEseaYVwdXKImcMrWMgchCFZaIdSczuhOsJTWtdrpoYDyZWWyIdxgVckY', 'no', '19571614.81', 30, 2),
('tafbYcRaeQYALxanyYZyZ', 'RBTyHZsxGFxqxSlMXNOIUWPocRBbRoWvfhTHJ', 'GRtjrrdSVFMDXajoiKGxQpeOztIWnHVlNemlAGEZDcqVWYpIIvq', 'no', '49109180.58', 50, 2),
('LhrozLNwPkGvIIWTqpTaSLUezZpSoiCMDpVQqauGCb', 'grlHaqmFGZyDyxmLnxlpKWGeaIJdXytTHXYsSrDNCaauKviMQOEbrfWWIpQTeZLOQMpzSdMiviQuhotm', 'zyLrogwFtIxWYwsZhWHvFORIFGCrsPMAZXECWhPTvSWFNoBELzzmFZQJnwgJujCbNdmufWPKMkmyPclGCrSvDbUaSmphADEmEvZsVKxltjacKavfGPtSZLmrhOEGFsWQSPyBESfBHpUiOpFvJCInIEltdplSJiiOtg', 'yes', '02600623.80', 34, 1),
('dXOCQO', 'VregTeqToCnpaRiaVEBFADixgrASCeszXUAZCRiQmmrwBwVcSMJmDhtDtpfL', 'bCpSaFNgrYKEBVYDaogMgYAbnifQVBKfyfsNzKDXpEiZXQTekaVVxFbzyPWkmKPdbXwMUlmiEWFTQfBucLQbHGgpLohKUtAXEntooTLxgUGAhifKUdcdOnFhKNcKDQ', 'yes', '72466433.60', 607, 1),
('IkPZpXSTWUrTIYLKFrBhkHdktplUczotEqqUSEDXSr', 'LuJUpsyMqUvVFhscPnEuJTpyHUKwJaQxWFjePJdAceqauNIMokzWDcNJfUzaXHVuDpKaWcFaxojZgtORWrDkaCWvHIvkiRBAFImgIkbUzHaAfuFMWfDbgLAZUcIqFBCPLFgiRBQZglfLyVhokrRdcvkSlnQfySjaBlfEoVSZRlxYhk', 'mNYLBSekkxbqSrLSeqFYVHQBggvqPBKjytaLXWKyZB', 'no', '76967619.64', 00, 1),
('CJF', 'WsLdUFogsXjskRvpAfYTNX', 'HzfpJSjjPQfTnckksWdjgFKwdUbjYEkfqiEKHakYpXJoNgphwTQPfUWWrqPGQdtxKVGyWdDNriahOmZzyuomumvaOfvJZXPvUSJQdazmBIKvcdIFNTzWejvPEvJmaOGLgjXiBgwXjxJhWzUoghiDBdhSrCXXtPjosGxcURUfKPqLpgTWUbEsxzuidqfrBUFWhFJRtFasVfulptnfePLUsadVNxWOdzyMxEfFTywKIUNeQJzXulqTjkJXE', 'yes', '40353229.10', 94, 2),
('GHMFJXVwRfZgKJcLzRlJ', 'aXLllCnYFKzDAwLSroVVjiayVNPpIBlcYqnxoSBJKjhvpfWGpOPNCvVtAHZsBMChk', 'qMAGKfQoHzHTwHQxGFGckOGWqIkBdGMKEsZpCEimWlxlSABBcYEyvuFObrkqgXHeIbBbBrjhcYxlccAbeFVPWlCEPVeWjOAtQavAZxLkbScghERAMFAdbOntbOMpk', 'yes', '94121399.70', 53, 2),
('WqTEhpsoVrBkTvELuccCyqXQIUYvDImGBhsXC', 'KhuxTzwNVHPLYfXuKfZqGIvZMvrOYGdwJDrRpQiDHarmnVdrvwqFQADSQtYpuefjifPalXdGuftGqPfRamhjRxSGZBAvUnIOjHRaRVJKCAV', 'dHnIXBAEeWItCKgKKfvDsKJmwnrXwnpGXgDlxLkPbDgGnKnUNIXzNrUIAKjyteXnCZcPcgkcruNqMShUMmWSkdCUQSwcsWTFRroZApfHTSJcwEjthYAXbCbedEqIlIMUqAGbAkvccOhJSKCIAtVgVYNmotYe', 'yes', '05854100.65', 037, 1),
('gzpwsVCzehBTkoIRTMNkxRPhTb', 'EwgBNMRjgqynRqKxcADvJMZiiAyOXSRSxHHIUQkeNzXeiMvVYkuwToOqDHsOGxXTXmbziIbdwiWqbEFeOrgtHwGqbzQWyqZjcyGPlvsxmjyBZlvkhlCfvrCSkOiQexZfvhZUUOZgVUwnvlKvjPMCO', 'qtnqIWnQNYJlPtrpZlImxAAbnkWLBhQjwxhxjsKKSaUhFDAbIQZsWuOqabkHatCfCvlhDBXNGEKefXlXDhXFrdOfBsLnffHeOmkBUBmocJaWGynXafkkNeoKVObhYDSrrLghK', 'yes', '85526964.60', 46, 1);


INSERT IGNORE INTO Stuff
(fullname_id, address_id, contact_id, iin, sex, position, salary, center_id, role)
VALUES
(97, 14, 83, '381336', 'm', 'RreiCIT', '23648498.77', 1, 'Stuff'),
(76, 6, 96, '765950', 'm', 'cqnxRa', '00582801.01', 2, 'Admin'),
(52, 97, 75, '788794', 'w', 'TOyCbeUyBsQIMfo', '73324831.76', 1, 'Admin'),
(45, 63, 53, '778788', 'm', 'flzfJM', '89917840.79', 2, 'Stuff'),
(36, 2, 42, '324335', 'm', 'AFdcXjeZHBhIoP', '69775641.76', 2, 'Stuff'),
(36, 98, 64, '649218', 'w', 'NfCHAz', '42653606.02', 1, 'Stuff'),
(81, 14, 18, '738326', 'm', 'jzHkoJVbR', '69963955.48', 1, 'Manager'),
(51, 32, 45, '110295', 'w', 'LNHlfApqXoEcZho', '61525657.15', 1, 'Admin'),
(17, 57, 58, '979483', 'w', 'adstePuXrYW', '64477243.05', 1, 'Admin'),
(8, 10, 85, '462598', 'm', 'vkfPMsmNShBz', '56289007.64', 1, 'Admin'),
(64, 42, 1, '288338', 'm', 'ixQMhva', '54301156.46', 1, 'Manager'),
(82, 52, 91, '230897', 'm', 'quwwhEAsVv', '55434007.86', 2, 'Manager'),
(81, 7, 55, '823834', 'm', 'EMuVKjzsGL', '68818675.82', 2, 'Stuff'),
(38, 30, 60, '204141', 'w', 'MaOiBiAZ', '21118897.33', 2, 'Admin'),
(47, 71, 75, '031485', 'w', 'yfMdwwb', '78750236.15', 2, 'Stuff'),
(77, 2, 14, '712850', 'w', 'CchcGYsFrRb', '28222906.73', 1, 'Stuff'),
(1, 65, 1, '735368', 'w', 'eEYbs', '42968646.51', 2, 'Admin'),
(89, 58, 75, '632886', 'm', 'yueJwKVDrUWrqN', '47352408.61', 2, 'Stuff'),
(81, 33, 3, '429014', 'w', 'YsUgrG', '35864964.50', 2, 'Stuff'),
(78, 22, 34, '061359', 'm', 'maoXyG', '53676065.53', 2, 'Admin'),
(66, 2, 79, '101951', 'w', 'lXADrSBirDHz', '19918081.53', 1, 'Stuff'),
(91, 41, 95, '095110', 'm', 'vSElSXrgBiTn', '32816930.21', 1, 'Admin'),
(96, 39, 14, '562460', 'w', 'yNZRisIpK', '82463994.87', 2, 'Manager'),
(14, 10, 49, '218863', 'w', 'fCudVWSNdjrvBo', '94339900.14', 1, 'Manager'),
(96, 98, 95, '800825', 'w', 'wNkDKoMnWSXoFr', '03169524.53', 2, 'Stuff'),
(59, 32, 30, '498622', 'w', 'xghGIGP', '67827437.18', 1, 'Stuff'),
(75, 6, 67, '310453', 'm', 'UhreQ', '59252178.65', 1, 'Admin'),
(46, 82, 53, '483980', 'w', 'kHllI', '52859154.44', 1, 'Admin'),
(54, 1, 80, '182821', 'm', 'FUerDPPwlK', '00078421.08', 2, 'Admin'),
(92, 81, 26, '681546', 'w', 'QJFdE', '12105930.24', 2, 'Stuff');


INSERT IGNORE INTO Examination
(time, doctor_id, patient_id, results)
VALUES
('2021-07-13 04:51:48', 22, 21, 'isVOXGHdGOfROXEXIVMgNLHpdzeREfbadiZSdfodlYsCbwcN'),
('2022-10-14 22:40:24', 17, 20, 'DFBdKqnAbgNvdGKuhnWkMBCohvGUYETXBsUaMyhCSuvdAt'),
('2022-03-15 04:19:01', 8, 5, 'HoOGIwQQpqsdJJcXDTLiVTWNRFXsXlEQoJRHlJajUhnwrlhBQFFYKbCZhrzOSlGYwGpVYeZXpQNOU'),
('2022-10-19 12:36:54', 13, 15, 'ycoyTIaQIdEpmaOX'),
('2022-08-31 07:15:28', 25, 6, 'YrRgziNaUAcaBINEiOctaHiCHiSAcoAvuxmiSvkIGfHreQuwWU'),
('2020-11-28 21:54:25', 4, 44, 'bIYhnZIpIViQSLsOXzSfVndVYjvNjJJdjVUZxiVnDRIobjJBGJqqQFOTSV'),
('2021-04-18 06:26:34', 5, 19, 'HezJDhgkRtjyXYSkoaXmXoIzPkfMsgfcJUCxyxaDAvfaGVcJhcBIAvstECoBiyvPUOfCSnT'),
('2021-01-17 20:44:35', 1, 15, 'sJxnkmUWULbaeWuLGisIZJIzeYNeWSSipXTgLiOOeAUZrjgFLsSLbvaWLAJaasOlLwlcnnolluMdgODZiXvSndCcEjZgaLESz'),
('2022-07-11 03:41:01', 23, 29, 'RHErIRQsZOksvWdRDcHfDQcGUAoSlmlGLaLIkS'),
('2021-04-01 07:09:11', 18, 44, 'WBTDQBrxHDUynBADmoELBNCzMdTjSkCYYlIIpRUzfkoenxt'),
('2022-11-08 19:35:08', 24, 29, 'hpXvcLkfQkzMBgqpkHmZfEXwhLlCJLNPnyxAAefCQRPEvndVNOqQejjvsk'),
('2022-01-18 19:57:40', 7, 19, 'pMvpBuyfHTBSpoAWfhxvJDJFozSRZkBYNJQpsCYoKMeSsuDTNyawymsCRJFsRNTGVxaQbvfnGVldBXFCYpJnvZOV'),
('2021-09-26 15:54:21', 17, 7, 'kjfzGTiONLiUUGEitgktZEwasmgkPadNcy'),
('2022-09-03 06:51:01', 8, 47, 'dIiQuQxCdWnrOnOdZzIFoyLlmVowAEaQLinBdqVhmRmdDqSkIfyLiz'),
('2022-08-23 22:00:06', 29, 10, 'nkysVloGeWsWQNovncmtyaHLSIqPafPamlVwZeGJUQaBCHKzEivUcG'),
('2021-06-15 13:44:14', 20, 36, 'OdrvcgcCstiGHSxJgctPMqWiPvolapiKRSWBovjyq'),
('2021-03-15 19:35:46', 21, 29, 'JCYSewFuAwhYaWJLtRVsPNSZDfOSOhKesE'),
('2021-06-29 23:42:46', 3, 9, 'THmJQVBUmJsXQuyxfFLBlLrSEpUGTarlNDohmVUZxLNKVqDAWRyUuZqVyedaZcCVmyHEzNTeUFxUQiDfIZQdjIEZArKdofkR'),
('2021-11-20 02:01:27', 11, 19, 'vshKZrtKWVOUMUYMdvYPpBjBbLeeUtvaWSiZoYRaNmswPkXbmRIxYHE'),
('2020-12-01 09:11:08', 14, 48, 'OZZCEZctyRoUtVmWvQGnVGzJwkzbOaoirSBzTZNIpgEsTlVZC'),
('2022-05-25 13:02:29', 20, 23, 'HwhDSrniNtoQSLWeeMVKphmgzUsazTBQSJQMjylzUqzWoQhhxVxJEFyTiadUwBAavaeXxPqpOV'),
('2021-02-01 15:42:03', 3, 31, 'GymlBKPwxrdYieJwzxMYvMrVrzwTJgCiPwVatVIhEiYtoAeRvVwkXPlyyScGbRlHRITlKmPBrNpHOyzSzj'),
('2022-04-18 21:37:33', 25, 13, 'KisysTYSKTXimsDJgcQrAcYEYzSirVQKwZxNllbcETbZZHqAESJSXvbAOIl'),
('2020-12-12 13:33:22', 25, 7, 'nvWthSqOOWgOEvenqHuXHTNYWKISVD'),
('2022-11-03 09:26:23', 4, 16, 'bkSTecWOOZrdIFSqh'),
('2022-04-17 22:23:55', 29, 37, 'qundiOQOSiaHEERiRlJaedGLuHbNZDPYlVKxTArMMvtELOkrDCfSBXqOBoGhM'),
('2021-09-29 22:37:59', 19, 13, 'sewQyEGhdSXGWrAyZSHKLQFYoboMHRPKMFMcHzEgTWdUDdsxEhJvqZebKzTfDqrqemYteYymZwBOvGyThiTEVgYvaJFiPe'),
('2022-01-08 14:26:57', 20, 6, 'HaNvaTZeCoalBztbMRGRlLGwcsmqJqFFIQoxeXxGPjLviZf'),
('2022-03-18 12:21:12', 9, 1, 'NmmlBqVeUHkuvZDYyxQOFjsBfcDHKtAnZNzkeqntrTN'),
('2021-06-06 23:54:41', 23, 2, 'ryqkJZJaDutuHVhAyvncpcCBzHHQnmbBguFzBcLZYeUWaJzpKipnyxSYjIhEmvvrxNnsjqDkoumIwCZbM');


INSERT IGNORE INTO Invoice
(cost, date_issue, date_paid, payment_method)
VALUES
('53793086.56', '2021-12-14', NULL, NULL),
('03933739.38', '2021-04-28', '2022-11-16', 'cash'),
('85081711.42', '2021-10-28', NULL, NULL),
('44951716.88', '2022-08-10', '2021-10-24', 'cash'),
('95503961.78', '2021-12-19', NULL, NULL),
('06287184.49', '2021-03-31', NULL, NULL),
('44885001.55', '2022-11-23', NULL, NULL),
('44494386.94', '2021-05-06', NULL, NULL),
('09633370.98', '2021-05-16', '2021-02-03', 'card'),
('90078559.97', '2022-09-17', NULL, NULL),
('31197158.63', '2021-12-20', NULL, NULL),
('44361331.15', '2022-01-01', NULL, NULL),
('58059196.55', '2021-01-04', '2022-05-22', 'cash'),
('54969643.86', '2021-08-24', '2021-07-21', 'check'),
('68135033.93', '2021-02-06', NULL, NULL),
('47922418.92', '2021-09-04', '2021-08-26', 'cash'),
('90827613.80', '2021-11-25', NULL, NULL),
('59441720.87', '2022-08-08', NULL, NULL),
('32718816.24', '2022-02-24', '2021-10-10', 'cash'),
('06851613.29', '2022-08-18', '2021-09-23', 'cash'),
('43423549.32', '2021-01-09', NULL, NULL),
('13332564.58', '2021-04-29', '2021-05-04', 'check'),
('45523164.39', '2022-07-23', '2021-07-22', 'cash'),
('91848496.98', '2022-05-03', NULL, NULL),
('96451841.47', '2021-05-04', NULL, NULL),
('96761558.15', '2021-09-06', '2021-01-04', 'check'),
('41213884.99', '2022-01-17', NULL, NULL),
('81459906.57', '2022-05-20', NULL, NULL),
('61084090.43', '2021-03-10', '2021-01-03', 'check'),
('64627215.13', '2021-03-11', NULL, NULL);


INSERT IGNORE  INTO Treatment
(description, doctor_id, invoice_id, examination_id)
VALUES
('EQZPRSuqrKsFiRMwvWisjHNzCzTGByjXFzKaGXkFDvzagAvCJZiShvEukaRnYwnQUyStQhFYzTOeQXFubfDIKHgNdCaMH', 18, 0, 0),
('CNqAtcitbajQKtavZrMcxoexXviFYBNfqGQHvICJGtGIulQbDGrptFrxmztEVns', 8, 1, 1),
('DIlBgGRirYbkDjQlckdByLYIYHEBb', 25, 2, 2),
('tvICUgVrkDAgfWKZZuNfMpIkcVekQuJkhuvHotjCdPjKDLlyEMNhCqCjQhzjXwsGmjWEODRq', 17, 3, 3),
('tolrqhUUGNKVxQPJRmOIBPjFXQBLyALAjawwqkloqgAcsVBKTuZczYAzxKfjIDugcIQt', 11, 4, 4),
('POpSHZUdSwXdgViqCxkEVjesKubmTKCHcTIiXlRjtvuOytEinyEJsxZPDICROWZBuHVMzZFsCmFcUKpJijfKz', 28, 5, 5),
('LJsRvWJnIpgQcfPsyTXBGPntGDtYp', 25, 6, 6),
('vYBPLqoDycvPgJnHEKgxsUDBzkKHUdmRELGsyVvfbnfTxelziQLCAlnHeGyvmBckbHDJPWkByZWHuH', 19, 7, 7),
('jQsRFqYjNKiTUBqszbuJTGtGvidlwFLLiaBwvyXbRQoJJxfeczWpJWFtCnmEqyaQjAXFfmEzthseXUYjGPEqRzsYkxbLtoFMOSsG', 6, 8, 8),
('hxrluDaYGzeWukZUGLnRlswDYdUJJOMHzgCFcjDIKwgkwlgTEmBhYDaVyanggRZTRPXPVNpezRJByzDmuoHOZ', 3, 9, 9),
('gWoQtyZuHCEozFBwSrtksvnnqcQuiJrpNOEKviCWygEYDSGNcLbtB', 29, 10, 10),
('dpwdtwGBwWvZaSCsvPkpdzEPoaqmyzScHlYCsOSlmmUligePOqAkodEVrhjMvDTAKyIOIANLPqAFmhkon', 29, 11, 11),
('QBWXgzqxwtkL', 18, 12, 12),
('GmHETytyVfvonZrgijqpvxJCgVVx', 25, 13, 13),
('NOgjqsyQRnHpcjBLbMhSmFDEE', 10, 14, 14),
('aCfDYRWemGiJbmeT', 18, 15, 15),
('WYroVanBSgsOyvozAxoUaaZmSUqBQXQpqhomrTfjsoVRVPcTwqdLiGDXJazOenFkZpIs', 26, 16, 16),
('bCegtIpSiMEyipMGBFUWQYCUcvERNzGEZDKxSKhxkPIbE', 8, 17, 17),
('rqTkNeYGAMsrviSLgbVvFGKmATbhCXYCTQHmHxueFdoMHUDFGiqnClLKNfggizUMcfDMoOYWuhSGfowfyGoQNgnOTrBpGAYVE', 2, 18, 18),
('EEnHSuYLRqNTLNmzZQFWHLksesYGSclGNuDjniaZX', 10, 19, 19),
('sSSMCDtaAFPCYWCiDcwzwWuZhXulMQKBkMBujESVgyxbPoEFLcbswWZYDfzZeiaeTedNPpDCUpdkPzPDWYGBhchTtHoGMXSEGGwq', 25, 20, 20),
('xBhvqBtBtSqjsfGnsIQXvwMppLkUAVlIUyIAoKYsZwBNfwoqL', 29, 21, 21),
('mspRxlkuVZpDPwwgxbF', 29, 22, 22),
('tuLqyBDqITCnCWkaENHnHiUSRPkqnhTfncGBxlCIIcjSBrycGUzIFfsuuqmLpHbGqmMdRVqm', 17, 23, 23),
('qCJyGFgohzhLWuwNstHwZeMlPobVovkXgzWsgULc', 23, 24, 24),
('WJamsYgDBllyuLarzsgKwKWibdIRwTgm', 25, 25, 25),
('dyXlcrAHLMvbwjfRXInpI', 14, 26, 26),
('vkWSKeBMXOdqkAFOCttpvWSFxVuNoUJhVZXTWmjoUHHtWD', 19, 27, 27),
('OIrYwpfqkxZYdDdQhUUTMfT', 9, 28, 28),
('yFRiaZcZfoRjyFQTfhzyc', 3, 29, 29);













 
